action_id,analyst_id,soc_id,incident_id,action_type,timestamp,duration_seconds,metadata
ACT-00001,AN-00007,SOC-001,INC-00001,TRIAGE,2026-08-09T20:27:36.242896Z,731,{}
ACT-00002,AN-00007,SOC-001,INC-00001,INVESTIGATION_START,2026-08-09T21:47:33.987379Z,644,{}
ACT-00003,AN-00007,SOC-001,INC-00001,RESPONSE,2026-08-09T21:54:39.692014Z,625,{}
ACT-00004,AN-00007,SOC-001,INC-00001,CLOSURE,2026-08-09T22:19:16.325946Z,210,{}
ACT-00005,AN-00037,SOC-002,INC-00002,TRIAGE,2026-08-07T07:21:27.576085Z,150,{}
ACT-00006,AN-00037,SOC-002,INC-00002,INVESTIGATION_START,2026-08-07T08:40:37.185651Z,192,{}
ACT-00007,AN-00037,SOC-002,INC-00002,ESCALATION,2026-08-07T08:50:04.901789Z,37,{}
ACT-00008,AN-00037,SOC-002,INC-00002,RESPONSE,2026-08-07T08:57:50.455888Z,550,{}
ACT-00009,AN-00037,SOC-002,INC-00002,CLOSURE,2026-08-07T09:18:33.343473Z,847,{}
ACT-00010,AN-00033,SOC-002,INC-00003,TRIAGE,2026-08-06T12:05:33.073550Z,753,{}
ACT-00014,AN-00033,SOC-002,INC-00003,CLOSURE,2026-08-06T14:25:53.373287Z,548,{}
ACT-00015,AN-00007,SOC-001,INC-00004,TRIAGE,2026-08-09T01:34:55.261120Z,736,{}
ACT-00016,AN-00007,SOC-001,INC-00004,INVESTIGATION_START,2026-08-09T01:54:34.595246Z,496,{}
ACT-00017,AN-00007,SOC-001,INC-00004,RESPONSE,2026-08-09T02:14:00.917802Z,237,{}
ACT-00018,AN-00007,SOC-001,INC-00004,CLOSURE,2026-08-09T02:18:16.216305Z,611,{}
ACT-00019,AN-00028,SOC-002,INC-00005,TRIAGE,2026-08-09T09:48:57.966814Z,438,{}
ACT-00020,AN-00028,SOC-002,INC-00005,INVESTIGATION_START,2026-08-09T11:01:58.071188Z,655,{}
ACT-00021,AN-00028,SOC-002,INC-00005,ESCALATION,2026-08-09T11:12:34.697896Z,582,{}
ACT-00022,AN-00028,SOC-002,INC-00005,RESPONSE,2026-08-09T11:16:19.740993Z,418,{}
ACT-00023,AN-00028,SOC-002,INC-00005,CLOSURE,2026-08-09T11:35:15.770560Z,754,{}
ACT-00024,AN-00013,SOC-001,INC-00006,TRIAGE,2026-08-09T12:24:01.364792Z,564,{}
ACT-00025,AN-00013,SOC-001,INC-00006,INVESTIGATION_START,2026-08-09T12:51:24.486912Z,56,{}
ACT-00026,AN-00013,SOC-001,INC-00006,RESPONSE,2026-08-09T13:11:39.758660Z,838,{}
ACT-00027,AN-00013,SOC-001,INC-00006,CLOSURE,2026-08-09T13:54:19.046083Z,233,{}
ACT-00028,AN-00024,SOC-002,INC-00007,TRIAGE,2026-08-01T08:05:25.798410Z,388,{}
ACT-00029,AN-00024,SOC-002,INC-00007,INVESTIGATION_START,2026-08-01T09:09:38.558101Z,334,{}
ACT-00030,AN-00024,SOC-002,INC-00007,RESPONSE,2026-08-01T09:31:12.620450Z,782,{}
ACT-00031,AN-00024,SOC-002,INC-00007,CLOSURE,2026-08-01T09:45:46.418734Z,333,{}
ACT-00032,AN-00002,SOC-001,INC-00008,TRIAGE,2026-08-04T01:06:41.562669Z,722,{}
ACT-00033,AN-00002,SOC-001,INC-00008,INVESTIGATION_START,2026-08-04T02:03:17.201183Z,784,{}
ACT-00034,AN-00002,SOC-001,INC-00008,RESPONSE,2026-08-04T02:31:45.469828Z,474,{}
ACT-00035,AN-00002,SOC-001,INC-00008,CLOSURE,2026-08-04T02:51:54.253790Z,39,{}
ACT-00036,AN-00033,SOC-002,INC-00009,TRIAGE,2026-08-13T21:36:48.951792Z,723,{}
ACT-00040,AN-00033,SOC-002,INC-00009,CLOSURE,2026-08-14T00:11:36.861719Z,759,{}
ACT-00041,AN-00021,SOC-002,INC-00010,TRIAGE,2026-08-14T06:44:37.900566Z,463,{}
ACT-00042,AN-00021,SOC-002,INC-00010,INVESTIGATION_START,2026-08-14T07:32:08.616277Z,26,{}
ACT-00043,AN-00021,SOC-002,INC-00010,RESPONSE,2026-08-14T07:50:13.199468Z,493,{}
ACT-00044,AN-00021,SOC-002,INC-00010,CLOSURE,2026-08-14T08:58:26.199468Z,439,{}
ACT-00045,AN-00021,SOC-002,INC-00011,TRIAGE,2026-08-14T14:32:18.528196Z,707,{}
ACT-00046,AN-00021,SOC-002,INC-00011,INVESTIGATION_START,2026-08-14T15:24:22.054859Z,763,{}
ACT-00047,AN-00021,SOC-002,INC-00011,RESPONSE,2026-08-14T15:32:40.176005Z,424,{}
ACT-00048,AN-00021,SOC-002,INC-00011,CLOSURE,2026-08-14T16:05:55.176005Z,549,{}
ACT-00049,AN-00006,SOC-001,INC-00012,TRIAGE,2026-08-10T00:00:45.381176Z,836,{}
ACT-00050,AN-00006,SOC-001,INC-00012,INVESTIGATION_START,2026-08-10T01:10:59.362817Z,885,{}
ACT-00051,AN-00006,SOC-001,INC-00012,ESCALATION,2026-08-10T01:21:30.926142Z,569,{}
ACT-00052,AN-00006,SOC-001,INC-00012,RESPONSE,2026-08-10T01:22:08.863708Z,76,{}
ACT-00053,AN-00006,SOC-001,INC-00012,CLOSURE,2026-08-10T01:46:31.839695Z,388,{}
ACT-00054,AN-00008,SOC-001,INC-00013,TRIAGE,2026-08-10T19:52:40.543349Z,628,{}
ACT-00055,AN-00008,SOC-001,INC-00013,INVESTIGATION_START,2026-08-10T21:08:48.921824Z,191,{}
ACT-00056,AN-00008,SOC-001,INC-00013,RESPONSE,2026-08-10T21:23:35.519113Z,846,{}
ACT-00057,AN-00008,SOC-001,INC-00013,CLOSURE,2026-08-10T21:35:35.752982Z,854,{}
ACT-00058,AN-00005,SOC-001,INC-00014,TRIAGE,2026-08-12T07:05:50.573286Z,385,{}
ACT-00059,AN-00005,SOC-001,INC-00014,INVESTIGATION_START,2026-08-12T08:12:55.864034Z,151,{}
ACT-00060,AN-00005,SOC-001,INC-00014,RESPONSE,2026-08-12T08:38:32.316305Z,813,{}
ACT-00061,AN-00005,SOC-001,INC-00014,CLOSURE,2026-08-12T09:07:28.569632Z,713,{}
ACT-00062,AN-00023,SOC-002,INC-00015,TRIAGE,2026-08-05T21:45:11.539337Z,546,{}
ACT-00063,AN-00023,SOC-002,INC-00015,INVESTIGATION_START,2026-08-05T22:48:59.602578Z,98,{}
ACT-00064,AN-00023,SOC-002,INC-00015,RESPONSE,2026-08-05T23:06:25.145621Z,862,{}
ACT-00065,AN-00023,SOC-002,INC-00015,CLOSURE,2026-08-05T23:25:52.899883Z,677,{}
ACT-00066,AN-00002,SOC-001,INC-00016,TRIAGE,2026-08-09T18:20:41.592005Z,583,{}
ACT-00067,AN-00002,SOC-001,INC-00016,INVESTIGATION_START,2026-08-09T20:17:42.395958Z,281,{}
ACT-00068,AN-00002,SOC-001,INC-00016,RESPONSE,2026-08-09T20:29:11.691226Z,753,{}
ACT-00069,AN-00002,SOC-001,INC-00016,CLOSURE,2026-08-09T20:43:49.291118Z,548,{}
ACT-00070,AN-00004,SOC-001,INC-00017,TRIAGE,2026-08-05T21:16:51.225471Z,717,{}
ACT-00071,AN-00004,SOC-001,INC-00017,INVESTIGATION_START,2026-08-05T22:04:18.446310Z,657,{}
ACT-00072,AN-00004,SOC-001,INC-00017,RESPONSE,2026-08-05T22:11:48.364837Z,725,{}
ACT-00073,AN-00004,SOC-001,INC-00017,CLOSURE,2026-08-05T22:42:57.297061Z,472,{}
ACT-00074,AN-00012,SOC-001,INC-00018,TRIAGE,2026-08-07T17:31:24.305141Z,858,{}
ACT-00075,AN-00012,SOC-001,INC-00018,INVESTIGATION_START,2026-08-07T19:16:34.162215Z,372,{}
ACT-00076,AN-00012,SOC-001,INC-00018,RESPONSE,2026-08-07T19:40:11.198646Z,465,{}
ACT-00077,AN-00012,SOC-001,INC-00018,CLOSURE,2026-08-07T20:06:32.848883Z,479,{}
ACT-00078,AN-00032,SOC-002,INC-00019,TRIAGE,2026-08-04T05:58:01.613572Z,882,{}
ACT-00079,AN-00032,SOC-002,INC-00019,INVESTIGATION_START,2026-08-04T07:18:13.156163Z,749,{}
ACT-00080,AN-00032,SOC-002,INC-00019,ESCALATION,2026-08-04T07:28:46.156576Z,155,{}
ACT-00081,AN-00032,SOC-002,INC-00019,RESPONSE,2026-08-04T07:28:25.251968Z,74,{}
ACT-00082,AN-00032,SOC-002,INC-00019,CLOSURE,2026-08-04T07:36:10.251968Z,358,{}
ACT-00083,AN-00026,SOC-002,INC-00020,TRIAGE,2026-08-11T06:24:12.150290Z,461,{}
ACT-00084,AN-00026,SOC-002,INC-00020,INVESTIGATION_START,2026-08-11T07:08:51.874141Z,227,{}
ACT-00085,AN-00026,SOC-002,INC-00020,RESPONSE,2026-08-11T07:20:18.390959Z,710,{}
ACT-00086,AN-00026,SOC-002,INC-00020,CLOSURE,2026-08-11T07:44:58.702030Z,158,{}
